{
  "d415": {
    "inv_pose": {
      "rotation": {
        "y": 0.598362,
        "x": 0.522227,
        "z": -0.456386,
        "w": 0.401191
        },
        "translation": {
          "y": 0.653702, 
          "x": -0.180523, 
          "z": 2.48377
        }
      },
    "pose": {
        "translation": {
          "y": 0.46989,
          "x": 2.18334,
          "z": 1.28112
        }, 
        "rotation": {
          "y": 0.598362, 
          "x": 0.522227, 
          "z": -0.456386, 
          "w": -0.401191
          }
      }, 
    "type": "realsense"
  }
}